Metric,Overall
mAP50-95,0.9946240493817038
mAP50,0.9949073646239907
Precision,0.9918727308072637
Recall,0.9956006079767021
