Metric,Overall
mAP50-95,0.9940698249553135
mAP50,0.9949955555555554
Precision,0.9977988086989841
Recall,0.9968361667875408
