Metric,Overall
mAP50-95,0.9929908234700505
mAP50,0.9935544523120763
Precision,0.9812099613087243
Recall,0.9850977419626876
