Model,Epochs,mAP50-95,mAP50,Precision,Recall
YOLOv8n,100,0.99367,0.99483,0.99591,0.99542
YOLOv8s,100,0.99407,0.99499,0.99779,0.99683
YOLOv9t,100,0.99462,0.99491,0.99187,0.99560
YOLOv9t,88,0.99299,0.99355,0.9812,0.98509
